Timestamp,Student_ID,Activity,Confidence
2025-10-16 00:00:00,1,Studying/Attentive,0.8668847680091858
2025-10-16 00:00:00,2,Studying/Attentive,0.8619174957275391
2025-10-16 00:00:00,3,Studying/Attentive,0.8278859853744507
2025-10-16 00:00:00,4,Studying/Attentive,0.8047735095024109
2025-10-16 00:00:00,6,Studying/Attentive,0.711242139339447
2025-10-16 00:00:00,8,Studying/Attentive,0.5307053327560425
2025-10-16 00:00:00,13,Studying/Attentive,0.3944626748561859
2025-10-16 00:00:00,15,Studying/Attentive,0.35570940375328064
2025-10-16 00:00:00,19,Studying/Attentive,0.2540883719921112
2025-10-16 00:00:00,1,Studying/Attentive,0.8744832277297974
2025-10-16 00:00:00,3,Studying/Attentive,0.8099328875541687
2025-10-16 00:00:00,4,Studying/Attentive,0.7995690107345581
2025-10-16 00:00:00,5,Studying/Attentive,0.7818940281867981
2025-10-16 00:00:00,6,Studying/Attentive,0.7269207239151001
2025-10-16 00:00:00,8,Studying/Attentive,0.5670412182807922
2025-10-16 00:00:00,11,Studying/Attentive,0.4647987484931946
2025-10-16 00:00:00,18,Studying/Attentive,0.2589014768600464
2025-10-16 00:00:00,1,Studying/Attentive,0.8747074604034424
2025-10-16 00:00:00,2,Studying/Attentive,0.8648464679718018
2025-10-16 00:00:00,3,Studying/Attentive,0.8387524485588074
2025-10-16 00:00:00,5,Studying/Attentive,0.7966477870941162
2025-10-16 00:00:00,6,Studying/Attentive,0.7218632698059082
2025-10-16 00:00:00,7,Studying/Attentive,0.5660387873649597
2025-10-16 00:00:00,8,Studying/Attentive,0.5603563189506531
2025-10-16 00:00:00,15,Studying/Attentive,0.29700690507888794
2025-10-16 00:00:00,16,Studying/Attentive,0.26955270767211914
2025-10-16 00:00:00,1,Studying/Attentive,0.8775443434715271
2025-10-16 00:00:00,2,Talking in Class,0.8732771873474121
2025-10-16 00:00:00,3,Studying/Attentive,0.843375563621521
2025-10-16 00:00:00,5,Studying/Attentive,0.7878615260124207
2025-10-16 00:00:00,6,Studying/Attentive,0.7154256105422974
2025-10-16 00:00:00,8,Studying/Attentive,0.5762836337089539
2025-10-16 00:00:00,9,Studying/Attentive,0.5551174283027649
2025-10-16 00:00:00,13,Studying/Attentive,0.38753074407577515
2025-10-16 00:00:00,16,Studying/Attentive,0.28365954756736755
2025-10-16 00:00:00,1,Studying/Attentive,0.8865175247192383
2025-10-16 00:00:00,2,Talking in Class,0.8701507449150085
2025-10-16 00:00:00,3,Studying/Attentive,0.8451409339904785
2025-10-16 00:00:00,5,Studying/Attentive,0.8102075457572937
2025-10-16 00:00:00,6,Studying/Attentive,0.7219461798667908
2025-10-16 00:00:00,7,Studying/Attentive,0.5885722041130066
2025-10-16 00:00:00,9,Studying/Attentive,0.5429822206497192
2025-10-16 00:00:00,10,Studying/Attentive,0.4891662299633026
2025-10-16 00:00:00,16,Studying/Attentive,0.2769506573677063
2025-10-16 00:00:00,18,Sleeping,0.2687217593193054
2025-10-16 00:00:00,21,Studying/Attentive,0.2509837746620178
2025-10-16 00:00:00,1,Studying/Attentive,0.8892803192138672
2025-10-16 00:00:00,2,Studying/Attentive,0.8821201324462891
2025-10-16 00:00:00,3,Studying/Attentive,0.8341895937919617
2025-10-16 00:00:00,5,Studying/Attentive,0.809421718120575
2025-10-16 00:00:00,6,Studying/Attentive,0.7329542636871338
2025-10-16 00:00:00,7,Studying/Attentive,0.6108369827270508
2025-10-16 00:00:00,8,Studying/Attentive,0.5517674684524536
2025-10-16 00:00:00,12,Studying/Attentive,0.4158417284488678
2025-10-16 00:00:00,17,Studying/Attentive,0.29127955436706543
2025-10-16 00:00:00,18,Studying/Attentive,0.2844167649745941
2025-10-16 00:00:00,19,Sleeping,0.2811149060726166
2025-10-16 00:00:00,20,Studying/Attentive,0.2554014027118683
2025-10-16 00:00:00,1,Studying/Attentive,0.8885351419448853
2025-10-16 00:00:00,2,Studying/Attentive,0.8877348899841309
2025-10-16 00:00:00,3,Studying/Attentive,0.8372524380683899
2025-10-16 00:00:00,5,Studying/Attentive,0.8107293248176575
2025-10-16 00:00:00,6,Studying/Attentive,0.6883818507194519
2025-10-16 00:00:00,8,Studying/Attentive,0.5874565243721008
2025-10-16 00:00:00,13,Studying/Attentive,0.34919384121894836
2025-10-16 00:00:00,16,Sleeping,0.30414822697639465
2025-10-16 00:00:00,17,Studying/Attentive,0.2941543757915497
2025-10-16 00:00:00,18,Studying/Attentive,0.2666959762573242
2025-10-16 00:00:00,1,Studying/Attentive,0.8917951583862305
2025-10-16 00:00:00,2,Studying/Attentive,0.881669282913208
2025-10-16 00:00:00,3,Studying/Attentive,0.8418741226196289
2025-10-16 00:00:00,4,Studying/Attentive,0.8203816413879395
2025-10-16 00:00:00,6,Studying/Attentive,0.7002575397491455
2025-10-16 00:00:00,7,Studying/Attentive,0.5884078741073608
2025-10-16 00:00:00,9,Studying/Attentive,0.4855637550354004
2025-10-16 00:00:00,16,Studying/Attentive,0.2859182357788086
2025-10-16 00:00:00,17,Studying/Attentive,0.2721666395664215
2025-10-16 00:00:00,19,Studying/Attentive,0.2625243365764618
2025-10-16 00:00:00,1,Studying/Attentive,0.8853585720062256
2025-10-16 00:00:00,2,Studying/Attentive,0.8828070163726807
2025-10-16 00:00:00,3,Studying/Attentive,0.8343417644500732
2025-10-16 00:00:00,5,Studying/Attentive,0.7479187846183777
2025-10-16 00:00:00,6,Studying/Attentive,0.6619978547096252
2025-10-16 00:00:00,7,Studying/Attentive,0.6550130248069763
2025-10-16 00:00:00,8,Studying/Attentive,0.6336536407470703
2025-10-16 00:00:00,9,Studying/Attentive,0.6187883615493774
2025-10-16 00:00:00,10,Studying/Attentive,0.5033153891563416
2025-10-16 00:00:00,17,Sleeping,0.3182613253593445
2025-10-16 00:00:00,18,Studying/Attentive,0.28351303935050964
2025-10-16 00:00:00,20,Studying/Attentive,0.266460120677948
2025-10-16 00:00:00,1,Studying/Attentive,0.8928369879722595
2025-10-16 00:00:00,2,Studying/Attentive,0.8815136551856995
2025-10-16 00:00:00,4,Studying/Attentive,0.8185943961143494
2025-10-16 00:00:00,5,Studying/Attentive,0.707116961479187
2025-10-16 00:00:00,6,Studying/Attentive,0.70647132396698
2025-10-16 00:00:00,7,Studying/Attentive,0.6504309177398682
2025-10-16 00:00:00,8,Studying/Attentive,0.646074652671814
2025-10-16 00:00:00,9,Studying/Attentive,0.6326039433479309
2025-10-16 00:00:00,10,Studying/Attentive,0.5410528182983398
2025-10-16 00:00:00,14,Studying/Attentive,0.4299502372741699
2025-10-16 00:00:00,1,Studying/Attentive,0.8905668258666992
2025-10-16 00:00:00,2,Studying/Attentive,0.8815799355506897
2025-10-16 00:00:00,3,Studying/Attentive,0.8355138301849365
2025-10-16 00:00:00,5,Studying/Attentive,0.7950764894485474
2025-10-16 00:00:00,6,Studying/Attentive,0.7459328174591064
2025-10-16 00:00:00,7,Studying/Attentive,0.7042238712310791
2025-10-16 00:00:00,8,Studying/Attentive,0.6649580597877502
2025-10-16 00:00:00,10,Studying/Attentive,0.5879397392272949
2025-10-16 00:00:00,14,Studying/Attentive,0.4498576819896698
2025-10-16 00:00:00,1,Studying/Attentive,0.8902593851089478
2025-10-16 00:00:00,2,Studying/Attentive,0.8881149291992188
2025-10-16 00:00:00,4,Studying/Attentive,0.8339037299156189
2025-10-16 00:00:00,5,Studying/Attentive,0.7819238305091858
2025-10-16 00:00:00,6,Studying/Attentive,0.7153684496879578
2025-10-16 00:00:00,7,Studying/Attentive,0.7016636729240417
2025-10-16 00:00:00,8,Studying/Attentive,0.6741201877593994
2025-10-16 00:00:00,11,Studying/Attentive,0.520615816116333
2025-10-16 00:00:00,12,Studying/Attentive,0.46789172291755676
2025-10-16 00:00:00,16,Studying/Attentive,0.33258089423179626
2025-10-16 00:00:00,1,Studying/Attentive,0.8955888152122498
2025-10-16 00:00:00,2,Studying/Attentive,0.8807154893875122
2025-10-16 00:00:00,4,Studying/Attentive,0.8311101198196411
2025-10-16 00:00:00,5,Studying/Attentive,0.7730530500411987
2025-10-16 00:00:00,6,Studying/Attentive,0.759369432926178
2025-10-16 00:00:00,7,Studying/Attentive,0.7286956310272217
2025-10-16 00:00:00,8,Studying/Attentive,0.5715636610984802
2025-10-16 00:00:00,12,Studying/Attentive,0.45879340171813965
2025-10-16 00:00:00,16,Studying/Attentive,0.33662280440330505
2025-10-16 00:00:00,1,Studying/Attentive,0.8884198665618896
2025-10-16 00:00:00,2,Studying/Attentive,0.879386842250824
2025-10-16 00:00:00,4,Studying/Attentive,0.8286429643630981
2025-10-16 00:00:00,5,Studying/Attentive,0.7991805076599121
2025-10-16 00:00:00,6,Studying/Attentive,0.7427332997322083
2025-10-16 00:00:00,7,Studying/Attentive,0.723703145980835
2025-10-16 00:00:00,9,Studying/Attentive,0.5854016542434692
2025-10-16 00:00:00,10,Studying/Attentive,0.5150213241577148
2025-10-16 00:00:00,14,Studying/Attentive,0.43431785702705383
2025-10-16 00:00:00,15,Studying/Attentive,0.4151837229728699
2025-10-16 00:00:00,1,Studying/Attentive,0.8862226605415344
2025-10-16 00:00:00,2,Studying/Attentive,0.8786147832870483
2025-10-16 00:00:00,4,Studying/Attentive,0.8144447207450867
2025-10-16 00:00:00,5,Studying/Attentive,0.7580918669700623
2025-10-16 00:00:00,6,Studying/Attentive,0.7237844467163086
2025-10-16 00:00:00,7,Studying/Attentive,0.6853236556053162
2025-10-16 00:00:00,8,Studying/Attentive,0.6729124188423157
2025-10-16 00:00:00,12,Studying/Attentive,0.39791473746299744
2025-10-16 00:00:00,15,Studying/Attentive,0.3624848425388336
2025-10-16 00:00:00,17,Studying/Attentive,0.26937365531921387
2025-10-16 00:00:00,1,Studying/Attentive,0.8892684578895569
2025-10-16 00:00:00,2,Studying/Attentive,0.8694101572036743
2025-10-16 00:00:00,4,Studying/Attentive,0.8144258856773376
2025-10-16 00:00:00,5,Studying/Attentive,0.7513900399208069
2025-10-16 00:00:00,6,Studying/Attentive,0.7456534504890442
2025-10-16 00:00:00,7,Studying/Attentive,0.7043504118919373
2025-10-16 00:00:00,8,Studying/Attentive,0.6299828886985779
2025-10-16 00:00:00,12,Studying/Attentive,0.4055383503437042
2025-10-16 00:00:00,13,Studying/Attentive,0.37253251671791077
2025-10-16 00:00:00,15,Studying/Attentive,0.30971455574035645
2025-10-16 00:00:00,1,Studying/Attentive,0.8927531838417053
2025-10-16 00:00:00,2,Studying/Attentive,0.8794685006141663
2025-10-16 00:00:00,4,Studying/Attentive,0.8059653043746948
2025-10-16 00:00:00,5,Studying/Attentive,0.7657930850982666
2025-10-16 00:00:00,6,Studying/Attentive,0.7644618153572083
2025-10-16 00:00:00,7,Studying/Attentive,0.7247627973556519
2025-10-16 00:00:00,8,Studying/Attentive,0.6263864040374756
2025-10-16 00:00:00,9,Studying/Attentive,0.4874553978443146
2025-10-16 00:00:00,15,Studying/Attentive,0.2892311215400696
2025-10-16 00:00:00,16,Studying/Attentive,0.2724055349826813
2025-10-16 00:00:00,1,Studying/Attentive,0.8907853960990906
2025-10-16 00:00:00,2,Studying/Attentive,0.8768905997276306
2025-10-16 00:00:00,4,Studying/Attentive,0.8218433260917664
2025-10-16 00:00:00,5,Studying/Attentive,0.8015053868293762
2025-10-16 00:00:00,6,Studying/Attentive,0.7216116189956665
2025-10-16 00:00:00,7,Studying/Attentive,0.653103232383728
2025-10-16 00:00:00,8,Studying/Attentive,0.53520667552948
2025-10-16 00:00:00,12,Studying/Attentive,0.32791465520858765
2025-10-16 00:00:00,16,Studying/Attentive,0.28769198060035706
2025-10-16 00:00:00,18,Studying/Attentive,0.251627117395401
2025-10-16 00:00:00,1,Studying/Attentive,0.8894174098968506
2025-10-16 00:00:00,2,Studying/Attentive,0.8756965398788452
2025-10-16 00:00:00,4,Studying/Attentive,0.8188262581825256
2025-10-16 00:00:00,5,Studying/Attentive,0.8023409843444824
2025-10-16 00:00:00,6,Studying/Attentive,0.7401455044746399
2025-10-16 00:00:00,7,Studying/Attentive,0.6864858269691467
2025-10-16 00:00:00,11,Studying/Attentive,0.44957131147384644
2025-10-16 00:00:00,15,Studying/Attentive,0.2583697736263275
2025-10-16 00:00:00,1,Studying/Attentive,0.8883529901504517
2025-10-16 00:00:00,2,Studying/Attentive,0.8827381730079651
2025-10-16 00:00:00,3,Studying/Attentive,0.8355921506881714
2025-10-16 00:00:00,5,Studying/Attentive,0.8044557571411133
2025-10-16 00:00:00,6,Studying/Attentive,0.7275636196136475
2025-10-16 00:00:00,7,Studying/Attentive,0.6285252571105957
2025-10-16 00:00:00,8,Studying/Attentive,0.5702359080314636
2025-10-16 00:00:00,14,Studying/Attentive,0.26613181829452515
2025-10-16 00:00:00,1,Studying/Attentive,0.8874709606170654
2025-10-16 00:00:00,2,Studying/Attentive,0.881208598613739
2025-10-16 00:00:00,4,Studying/Attentive,0.8332565426826477
2025-10-16 00:00:00,5,Studying/Attentive,0.8005377650260925
2025-10-16 00:00:00,6,Studying/Attentive,0.730549156665802
2025-10-16 00:00:00,7,Studying/Attentive,0.569544792175293
2025-10-16 00:00:00,8,Studying/Attentive,0.5531913042068481
2025-10-16 00:00:00,15,Studying/Attentive,0.2832985520362854
2025-10-16 00:00:00,16,Studying/Attentive,0.2788764536380768
2025-10-16 00:00:00,17,Studying/Attentive,0.26750922203063965
2025-10-16 00:00:00,18,Studying/Attentive,0.25898316502571106
2025-10-16 00:00:00,19,Sleeping,0.2513342499732971
2025-10-16 00:00:00,1,Studying/Attentive,0.8860630393028259
2025-10-16 00:00:00,2,Talking in Class,0.8802801966667175
2025-10-16 00:00:00,4,Studying/Attentive,0.8261973261833191
2025-10-16 00:00:00,5,Studying/Attentive,0.8243530988693237
2025-10-16 00:00:00,6,Studying/Attentive,0.726409912109375
2025-10-16 00:00:00,7,Studying/Attentive,0.6660982966423035
2025-10-16 00:00:00,10,Studying/Attentive,0.4625847339630127
2025-10-16 00:00:00,15,Studying/Attentive,0.36893048882484436
2025-10-16 00:00:00,16,Studying/Attentive,0.268080472946167
2025-10-16 00:00:00,1,Studying/Attentive,0.8920568227767944
2025-10-16 00:00:00,2,Studying/Attentive,0.8831274509429932
2025-10-16 00:00:00,4,Studying/Attentive,0.812113881111145
2025-10-16 00:00:00,5,Studying/Attentive,0.7896531820297241
2025-10-16 00:00:00,6,Studying/Attentive,0.7187730669975281
2025-10-16 00:00:00,7,Studying/Attentive,0.568967342376709
2025-10-16 00:00:00,9,Studying/Attentive,0.47435125708580017
2025-10-16 00:00:00,1,Studying/Attentive,0.8945596814155579
2025-10-16 00:00:00,2,Studying/Attentive,0.8824819922447205
2025-10-16 00:00:00,4,Studying/Attentive,0.8101511001586914
2025-10-16 00:00:00,5,Studying/Attentive,0.7344449162483215
2025-10-16 00:00:00,6,Studying/Attentive,0.5896931886672974
2025-10-16 00:00:00,7,Studying/Attentive,0.5668588876724243
2025-10-16 00:00:00,10,Studying/Attentive,0.473760187625885
2025-10-16 00:00:00,14,Studying/Attentive,0.3189801871776581
2025-10-16 00:00:00,1,Studying/Attentive,0.8918582201004028
2025-10-16 00:00:00,2,Studying/Attentive,0.8826376795768738
2025-10-16 00:00:00,4,Studying/Attentive,0.8111954927444458
2025-10-16 00:00:00,5,Studying/Attentive,0.7089495062828064
2025-10-16 00:00:00,6,Studying/Attentive,0.6583365201950073
2025-10-16 00:00:00,7,Studying/Attentive,0.5901217460632324
2025-10-16 00:00:00,12,Studying/Attentive,0.3977389931678772
2025-10-16 00:00:00,14,Sleeping,0.38561075925827026
2025-10-16 00:00:00,1,Studying/Attentive,0.8886443376541138
2025-10-16 00:00:00,2,Studying/Attentive,0.879029393196106
2025-10-16 00:00:00,4,Studying/Attentive,0.7901386618614197
2025-10-16 00:00:00,5,Studying/Attentive,0.7892811298370361
2025-10-16 00:00:00,6,Studying/Attentive,0.705623209476471
2025-10-16 00:00:00,9,Studying/Attentive,0.5746392607688904
2025-10-16 00:00:00,13,Studying/Attentive,0.38112393021583557
2025-10-16 00:00:00,14,Studying/Attentive,0.3352087736129761
2025-10-16 00:00:00,1,Studying/Attentive,0.8890711665153503
2025-10-16 00:00:00,2,Studying/Attentive,0.8710330128669739
2025-10-16 00:00:00,4,Studying/Attentive,0.7958407998085022
2025-10-16 00:00:00,5,Studying/Attentive,0.7856283783912659
2025-10-16 00:00:00,6,Studying/Attentive,0.7136179804801941
2025-10-16 00:00:00,7,Studying/Attentive,0.6208545565605164
2025-10-16 00:00:00,8,Studying/Attentive,0.5604797005653381
2025-10-16 00:00:00,14,Studying/Attentive,0.4185163676738739
2025-10-16 00:00:00,15,Studying/Attentive,0.40673813223838806
2025-10-16 00:00:00,16,Studying/Attentive,0.2775697410106659
2025-10-16 00:00:00,1,Studying/Attentive,0.8838489651679993
2025-10-16 00:00:00,2,Studying/Attentive,0.8592686057090759
2025-10-16 00:00:00,4,Studying/Attentive,0.7939093112945557
2025-10-16 00:00:00,5,Studying/Attentive,0.7910481095314026
2025-10-16 00:00:00,6,Studying/Attentive,0.6861691474914551
2025-10-16 00:00:00,8,Studying/Attentive,0.6240137815475464
2025-10-16 00:00:00,12,Studying/Attentive,0.4717378318309784
2025-10-16 00:00:00,14,Studying/Attentive,0.38030532002449036
2025-10-16 00:00:00,1,Studying/Attentive,0.8845160007476807
2025-10-16 00:00:00,2,Studying/Attentive,0.8620666861534119
2025-10-16 00:00:00,4,Studying/Attentive,0.832021176815033
2025-10-16 00:00:00,5,Studying/Attentive,0.7919296026229858
2025-10-16 00:00:00,7,Studying/Attentive,0.6715725064277649
2025-10-16 00:00:00,9,Studying/Attentive,0.568767249584198
2025-10-16 00:00:00,10,Studying/Attentive,0.5245593190193176
2025-10-16 00:00:00,14,Studying/Attentive,0.4115888774394989
2025-10-16 00:00:00,15,Sleeping,0.2856474220752716
2025-10-16 00:00:00,16,Studying/Attentive,0.2849887013435364
2025-10-16 00:00:00,1,Studying/Attentive,0.8895083665847778
2025-10-16 00:00:00,2,Studying/Attentive,0.8741735816001892
2025-10-16 00:00:00,3,Studying/Attentive,0.8362331986427307
2025-10-16 00:00:00,5,Studying/Attentive,0.807257890701294
2025-10-16 00:00:00,6,Studying/Attentive,0.7051769495010376
2025-10-16 00:00:00,8,Studying/Attentive,0.5972744822502136
2025-10-16 00:00:00,10,Studying/Attentive,0.5246317386627197
2025-10-16 00:00:00,11,Studying/Attentive,0.45624151825904846
2025-10-16 00:00:00,15,Sleeping,0.32100585103034973
2025-10-16 00:00:00,1,Studying/Attentive,0.8816131353378296
2025-10-16 00:00:00,2,Talking in Class,0.849362313747406
2025-10-16 00:00:00,3,Studying/Attentive,0.8377804756164551
2025-10-16 00:00:00,5,Studying/Attentive,0.8148488402366638
2025-10-16 00:00:00,6,Studying/Attentive,0.7065723538398743
2025-10-16 00:00:00,8,Studying/Attentive,0.6200857162475586
2025-10-16 00:00:00,13,Studying/Attentive,0.4298458993434906
2025-10-16 00:00:00,14,Studying/Attentive,0.4218234121799469
2025-10-16 00:00:00,16,Sleeping,0.3265886604785919
2025-10-16 00:00:00,18,Studying/Attentive,0.2587970495223999
2025-10-16 00:00:00,1,Studying/Attentive,0.886368453502655
2025-10-16 00:00:00,2,Talking in Class,0.8785479664802551
2025-10-16 00:00:00,4,Studying/Attentive,0.8308994770050049
2025-10-16 00:00:00,5,Studying/Attentive,0.819362461566925
2025-10-16 00:00:00,6,Studying/Attentive,0.7217074632644653
2025-10-16 00:00:00,8,Studying/Attentive,0.5702792406082153
2025-10-16 00:00:00,10,Studying/Attentive,0.47506314516067505
2025-10-16 00:00:00,13,Studying/Attentive,0.42571696639060974
2025-10-16 00:00:00,16,Sleeping,0.33878642320632935
2025-10-16 00:00:00,17,Studying/Attentive,0.2875281870365143
2025-10-16 00:00:00,1,Studying/Attentive,0.8941207528114319
2025-10-16 00:00:00,2,Studying/Attentive,0.8858857154846191
2025-10-16 00:00:00,3,Studying/Attentive,0.8454777598381042
2025-10-16 00:00:00,5,Studying/Attentive,0.8206061720848083
2025-10-16 00:00:00,6,Studying/Attentive,0.7374326586723328
2025-10-16 00:00:00,10,Studying/Attentive,0.4939427971839905
2025-10-16 00:00:00,11,Studying/Attentive,0.4790176451206207
2025-10-16 00:00:00,13,Studying/Attentive,0.43604138493537903
2025-10-16 00:00:00,16,Studying/Attentive,0.3401035964488983
2025-10-16 00:00:00,17,Sleeping,0.30143097043037415
2025-10-16 00:00:00,18,Studying/Attentive,0.25816190242767334
2025-10-16 00:00:00,1,Studying/Attentive,0.8942371606826782
2025-10-16 00:00:00,2,Studying/Attentive,0.874077558517456
2025-10-16 00:00:00,4,Studying/Attentive,0.8389155864715576
2025-10-16 00:00:00,5,Studying/Attentive,0.8146975040435791
2025-10-16 00:00:00,6,Studying/Attentive,0.7074289917945862
2025-10-16 00:00:00,8,Studying/Attentive,0.5639700889587402
2025-10-16 00:00:00,10,Studying/Attentive,0.5058834552764893
2025-10-16 00:00:00,13,Studying/Attentive,0.4837052524089813
2025-10-16 00:00:00,14,Sleeping,0.4471942186355591
2025-10-16 00:00:00,17,Studying/Attentive,0.4074702560901642
2025-10-16 00:00:00,1,Studying/Attentive,0.8975327014923096
2025-10-16 00:00:00,2,Studying/Attentive,0.8825386762619019
2025-10-16 00:00:00,4,Studying/Attentive,0.8320173621177673
2025-10-16 00:00:00,5,Studying/Attentive,0.8206775188446045
2025-10-16 00:00:00,6,Studying/Attentive,0.7232391238212585
2025-10-16 00:00:00,8,Studying/Attentive,0.5813625454902649
2025-10-16 00:00:00,10,Studying/Attentive,0.4809873104095459
2025-10-16 00:00:00,12,Studying/Attentive,0.45373043417930603
2025-10-16 00:00:00,15,Sleeping,0.36618277430534363
2025-10-16 00:00:00,16,Studying/Attentive,0.3496614098548889
2025-10-16 00:00:00,18,Studying/Attentive,0.3301407992839813
2025-10-16 00:00:00,1,Studying/Attentive,0.8959735631942749
2025-10-16 00:00:00,2,Studying/Attentive,0.8852141499519348
2025-10-16 00:00:00,3,Studying/Attentive,0.8422237038612366
2025-10-16 00:00:00,5,Studying/Attentive,0.8302485346794128
2025-10-16 00:00:00,6,Studying/Attentive,0.718082845211029
2025-10-16 00:00:00,7,Studying/Attentive,0.6824186444282532
2025-10-16 00:00:00,8,Studying/Attentive,0.6817193031311035
2025-10-16 00:00:00,11,Studying/Attentive,0.5151723027229309
2025-10-16 00:00:00,14,Studying/Attentive,0.42028796672821045
2025-10-16 00:00:00,16,Sleeping,0.3143812119960785
2025-10-16 00:00:00,17,Studying/Attentive,0.3055620491504669
2025-10-16 00:00:00,18,Studying/Attentive,0.2662918269634247
2025-10-16 00:00:00,1,Studying/Attentive,0.8956614136695862
2025-10-16 00:00:00,2,Studying/Attentive,0.8854100108146667
2025-10-16 00:00:00,4,Studying/Attentive,0.834100604057312
2025-10-16 00:00:00,5,Studying/Attentive,0.8283818364143372
2025-10-16 00:00:00,6,Studying/Attentive,0.7011216282844543
2025-10-16 00:00:00,7,Studying/Attentive,0.6838920712471008
2025-10-16 00:00:00,8,Studying/Attentive,0.6315882205963135
2025-10-16 00:00:00,13,Studying/Attentive,0.461899071931839
2025-10-16 00:00:00,15,Sleeping,0.3524482548236847
2025-10-16 00:00:00,16,Studying/Attentive,0.33869752287864685
2025-10-16 00:00:00,17,Studying/Attentive,0.2700413763523102
2025-10-16 00:00:00,1,Studying/Attentive,0.8971671462059021
2025-10-16 00:00:00,2,Studying/Attentive,0.8854740858078003
2025-10-16 00:00:00,4,Studying/Attentive,0.8350670337677002
2025-10-16 00:00:00,5,Studying/Attentive,0.819175124168396
2025-10-16 00:00:00,7,Studying/Attentive,0.7145512700080872
2025-10-16 00:00:00,8,Studying/Attentive,0.6335116624832153
2025-10-16 00:00:00,10,Studying/Attentive,0.5735005736351013
2025-10-16 00:00:00,14,Studying/Attentive,0.4351623058319092
2025-10-16 00:00:00,15,Studying/Attentive,0.4294537603855133
2025-10-16 00:00:00,16,Sleeping,0.35564014315605164
2025-10-16 00:00:00,17,Studying/Attentive,0.2923102080821991
2025-10-16 00:00:00,1,Studying/Attentive,0.8999780416488647
2025-10-16 00:00:00,2,Studying/Attentive,0.877471923828125
2025-10-16 00:00:00,3,Studying/Attentive,0.8526265621185303
2025-10-16 00:00:00,5,Studying/Attentive,0.8273710012435913
2025-10-16 00:00:00,6,Studying/Attentive,0.7141764760017395
2025-10-16 00:00:00,7,Studying/Attentive,0.657582700252533
2025-10-16 00:00:00,8,Studying/Attentive,0.6248084902763367
2025-10-16 00:00:00,11,Studying/Attentive,0.5021446347236633
2025-10-16 00:00:00,15,Studying/Attentive,0.42333507537841797
2025-10-16 00:00:00,16,Sleeping,0.37251344323158264
2025-10-16 00:00:00,1,Studying/Attentive,0.8976331353187561
2025-10-16 00:00:00,2,Studying/Attentive,0.8676401376724243
2025-10-16 00:00:00,3,Studying/Attentive,0.8446496725082397
2025-10-16 00:00:00,5,Studying/Attentive,0.8251990675926208
2025-10-16 00:00:00,6,Studying/Attentive,0.7040045261383057
2025-10-16 00:00:00,7,Studying/Attentive,0.6843348145484924
2025-10-16 00:00:00,8,Studying/Attentive,0.6458009481430054
2025-10-16 00:00:00,11,Studying/Attentive,0.5364037752151489
2025-10-16 00:00:00,13,Studying/Attentive,0.43692123889923096
2025-10-16 00:00:00,16,Sleeping,0.35734042525291443
2025-10-16 00:00:00,18,Studying/Attentive,0.326069176197052
2025-10-16 00:00:00,1,Studying/Attentive,0.8974957466125488
2025-10-16 00:00:00,2,Studying/Attentive,0.8474409580230713
2025-10-16 00:00:00,4,Studying/Attentive,0.8386954069137573
2025-10-16 00:00:00,5,Studying/Attentive,0.8360649347305298
2025-10-16 00:00:00,6,Studying/Attentive,0.7172269821166992
2025-10-16 00:00:00,7,Studying/Attentive,0.6800432205200195
2025-10-16 00:00:00,8,Studying/Attentive,0.6711277961730957
2025-10-16 00:00:00,14,Studying/Attentive,0.3563303053379059
2025-10-16 00:00:00,16,Sleeping,0.30358651280403137
2025-10-16 00:00:00,1,Studying/Attentive,0.8947830200195312
2025-10-16 00:00:00,2,Studying/Attentive,0.8767138719558716
2025-10-16 00:00:00,4,Studying/Attentive,0.8433781266212463
2025-10-16 00:00:00,5,Studying/Attentive,0.837119996547699
2025-10-16 00:00:00,6,Studying/Attentive,0.7272325754165649
2025-10-16 00:00:00,7,Studying/Attentive,0.6951664090156555
2025-10-16 00:00:00,8,Studying/Attentive,0.6881940960884094
2025-10-16 00:00:00,12,Studying/Attentive,0.43928852677345276
2025-10-16 00:00:00,14,Studying/Attentive,0.40713682770729065
2025-10-16 00:00:00,16,Studying/Attentive,0.3327394425868988
2025-10-16 00:00:00,17,Sleeping,0.29180997610092163
2025-10-16 00:00:00,1,Studying/Attentive,0.8949053287506104
2025-10-16 00:00:00,2,Studying/Attentive,0.8809018135070801
2025-10-16 00:00:00,3,Studying/Attentive,0.8455892205238342
2025-10-16 00:00:00,5,Studying/Attentive,0.8333936333656311
2025-10-16 00:00:00,6,Studying/Attentive,0.7353813648223877
2025-10-16 00:00:00,8,Studying/Attentive,0.7205270528793335
2025-10-16 00:00:00,9,Studying/Attentive,0.6940714120864868
2025-10-16 00:00:00,10,Studying/Attentive,0.5164390206336975
2025-10-16 00:00:00,13,Sleeping,0.4202837347984314
2025-10-16 00:00:00,16,Sleeping,0.28016290068626404
2025-10-16 00:00:00,17,Studying/Attentive,0.2652736008167267
2025-10-16 00:00:00,1,Studying/Attentive,0.8880323767662048
2025-10-16 00:00:00,2,Studying/Attentive,0.8792257905006409
2025-10-16 00:00:00,3,Studying/Attentive,0.8466733694076538
2025-10-16 00:00:00,5,Studying/Attentive,0.8267692923545837
2025-10-16 00:00:00,6,Studying/Attentive,0.7376493811607361
2025-10-16 00:00:00,7,Studying/Attentive,0.7311141490936279
2025-10-16 00:00:00,9,Studying/Attentive,0.6502360105514526
2025-10-16 00:00:00,14,Studying/Attentive,0.2878114879131317
2025-10-16 00:00:00,1,Studying/Attentive,0.8971021175384521
2025-10-16 00:00:00,2,Studying/Attentive,0.8867350220680237
2025-10-16 00:00:00,3,Studying/Attentive,0.8494570255279541
2025-10-16 00:00:00,5,Studying/Attentive,0.8361334800720215
2025-10-16 00:00:00,6,Studying/Attentive,0.7795648574829102
2025-10-16 00:00:00,7,Studying/Attentive,0.7237420678138733
2025-10-16 00:00:00,8,Studying/Attentive,0.7149919867515564
2025-10-16 00:00:00,13,Sleeping,0.39248672127723694
2025-10-16 00:00:00,14,Studying/Attentive,0.35006144642829895
2025-10-16 00:00:00,16,Sleeping,0.31606611609458923
2025-10-16 00:00:00,1,Studying/Attentive,0.8765972852706909
2025-10-16 00:00:00,2,Talking in Class,0.8708183765411377
2025-10-16 00:00:00,3,Studying/Attentive,0.8502510190010071
2025-10-16 00:00:00,5,Studying/Attentive,0.8326139450073242
2025-10-16 00:00:00,6,Studying/Attentive,0.7490212917327881
2025-10-16 00:00:00,7,Studying/Attentive,0.7485611438751221
2025-10-16 00:00:00,10,Studying/Attentive,0.48845478892326355
2025-10-16 00:00:00,12,Studying/Attentive,0.42401039600372314
2025-10-16 00:00:00,14,Studying/Attentive,0.40733733773231506
2025-10-16 00:00:00,1,Studying/Attentive,0.885079026222229
2025-10-16 00:00:00,2,Studying/Attentive,0.866897463798523
2025-10-16 00:00:00,3,Studying/Attentive,0.8455304503440857
2025-10-16 00:00:00,5,Studying/Attentive,0.834367036819458
2025-10-16 00:00:00,6,Studying/Attentive,0.7452564835548401
2025-10-16 00:00:00,7,Studying/Attentive,0.7350234985351562
2025-10-16 00:00:00,9,Studying/Attentive,0.5086920261383057
2025-10-16 00:00:00,11,Studying/Attentive,0.4537927806377411
2025-10-16 00:00:00,12,Studying/Attentive,0.4349902272224426
2025-10-16 00:00:00,16,Sleeping,0.3066042959690094
2025-10-16 00:00:00,1,Studying/Attentive,0.8821917772293091
2025-10-16 00:00:00,2,Studying/Attentive,0.8799469470977783
2025-10-16 00:00:00,3,Studying/Attentive,0.8315610289573669
2025-10-16 00:00:00,4,Studying/Attentive,0.825391948223114
2025-10-16 00:00:00,6,Studying/Attentive,0.7407380938529968
2025-10-16 00:00:00,7,Studying/Attentive,0.682049572467804
2025-10-16 00:00:00,8,Studying/Attentive,0.6570255756378174
2025-10-16 00:00:00,10,Studying/Attentive,0.5293726921081543
2025-10-16 00:00:00,12,Studying/Attentive,0.43733131885528564
2025-10-16 00:00:00,15,Sleeping,0.2902367115020752
2025-10-16 00:00:00,18,Studying/Attentive,0.2555142343044281
2025-10-16 00:00:00,1,Studying/Attentive,0.8664403557777405
2025-10-16 00:00:00,2,Talking in Class,0.8655039668083191
2025-10-16 00:00:00,3,Studying/Attentive,0.8338704109191895
2025-10-16 00:00:00,5,Studying/Attentive,0.8133448958396912
2025-10-16 00:00:00,6,Studying/Attentive,0.7445781826972961
2025-10-16 00:00:00,7,Studying/Attentive,0.6223018765449524
2025-10-16 00:00:00,8,Studying/Attentive,0.5721649527549744
2025-10-16 00:00:00,11,Studying/Attentive,0.4913683533668518
2025-10-16 00:00:00,14,Sleeping,0.3269336521625519
2025-10-16 00:00:00,17,Studying/Attentive,0.2666046917438507
2025-10-16 00:00:00,1,Studying/Attentive,0.890948474407196
2025-10-16 00:00:00,2,Talking in Class,0.8809511661529541
2025-10-16 00:00:00,3,Studying/Attentive,0.8349735736846924
2025-10-16 00:00:00,5,Studying/Attentive,0.8255242109298706
2025-10-16 00:00:00,6,Studying/Attentive,0.7289801836013794
2025-10-16 00:00:00,7,Studying/Attentive,0.7021534442901611
2025-10-16 00:00:00,8,Studying/Attentive,0.5681109428405762
2025-10-16 00:00:00,9,Studying/Attentive,0.5399764180183411
2025-10-16 00:00:00,11,Studying/Attentive,0.5070362091064453
2025-10-16 00:00:00,15,Sleeping,0.29359397292137146
2025-10-16 00:00:00,1,Studying/Attentive,0.8921962976455688
2025-10-16 00:00:00,2,Talking in Class,0.8748819828033447
2025-10-16 00:00:00,3,Studying/Attentive,0.8369011282920837
2025-10-16 00:00:00,5,Studying/Attentive,0.8087813854217529
2025-10-16 00:00:00,6,Studying/Attentive,0.7145346999168396
2025-10-16 00:00:00,7,Studying/Attentive,0.5726895928382874
2025-10-16 00:00:00,8,Studying/Attentive,0.5559858083724976
2025-10-16 00:00:00,10,Studying/Attentive,0.510190486907959
2025-10-16 00:00:00,11,Studying/Attentive,0.5039152503013611
2025-10-16 00:00:00,15,Sleeping,0.33968058228492737
2025-10-16 00:00:00,17,Studying/Attentive,0.2589113414287567
2025-10-16 00:00:00,1,Studying/Attentive,0.8859724998474121
2025-10-16 00:00:00,2,Talking in Class,0.8781191110610962
2025-10-16 00:00:00,3,Studying/Attentive,0.830369770526886
2025-10-16 00:00:00,5,Studying/Attentive,0.824979841709137
2025-10-16 00:00:00,6,Studying/Attentive,0.7222751379013062
2025-10-16 00:00:00,7,Studying/Attentive,0.6736381649971008
2025-10-16 00:00:00,8,Studying/Attentive,0.6210327744483948
2025-10-16 00:00:00,10,Studying/Attentive,0.5253106355667114
2025-10-16 00:00:00,11,Studying/Attentive,0.48919910192489624
2025-10-16 00:00:00,17,Sleeping,0.2653544247150421
2025-10-16 00:00:00,1,Studying/Attentive,0.8848766684532166
2025-10-16 00:00:00,2,Studying/Attentive,0.877051591873169
2025-10-16 00:00:00,3,Studying/Attentive,0.8437912464141846
2025-10-16 00:00:00,4,Studying/Attentive,0.825097918510437
2025-10-16 00:00:00,6,Studying/Attentive,0.7302000522613525
2025-10-16 00:00:00,7,Studying/Attentive,0.6464366316795349
2025-10-16 00:00:00,8,Studying/Attentive,0.6089157462120056
2025-10-16 00:00:00,10,Studying/Attentive,0.5143812298774719
2025-10-16 00:00:00,11,Studying/Attentive,0.5142413377761841
2025-10-16 00:00:00,16,Sleeping,0.3477685749530792
2025-10-16 00:00:00,17,Studying/Attentive,0.2841823697090149
2025-10-16 00:00:00,1,Studying/Attentive,0.8902777433395386
2025-10-16 00:00:00,2,Talking in Class,0.8779669404029846
2025-10-16 00:00:00,3,Studying/Attentive,0.8446375131607056
2025-10-16 00:00:00,4,Studying/Attentive,0.8357250690460205
2025-10-16 00:00:00,7,Studying/Attentive,0.707607626914978
2025-10-16 00:00:00,8,Studying/Attentive,0.6574597954750061
2025-10-16 00:00:00,9,Studying/Attentive,0.6168844103813171
2025-10-16 00:00:00,10,Studying/Attentive,0.5237104296684265
2025-10-16 00:00:00,11,Studying/Attentive,0.4815855622291565
2025-10-16 00:00:00,16,Sleeping,0.2741106450557709
2025-10-16 00:00:00,17,Studying/Attentive,0.27395543456077576
2025-10-16 00:00:00,1,Studying/Attentive,0.8895949125289917
2025-10-16 00:00:00,2,Talking in Class,0.8887203931808472
2025-10-16 00:00:00,3,Studying/Attentive,0.8532857894897461
2025-10-16 00:00:00,4,Studying/Attentive,0.8363914489746094
2025-10-16 00:00:00,6,Studying/Attentive,0.6896370053291321
2025-10-16 00:00:00,7,Studying/Attentive,0.675723671913147
2025-10-16 00:00:00,9,Studying/Attentive,0.4940413236618042
2025-10-16 00:00:00,13,Sleeping,0.3685343265533447
2025-10-16 00:00:00,14,Studying/Attentive,0.36648139357566833
2025-10-16 00:00:00,1,Studying/Attentive,0.8881891369819641
2025-10-16 00:00:00,2,Studying/Attentive,0.8871475458145142
2025-10-16 00:00:00,3,Studying/Attentive,0.8508327603340149
2025-10-16 00:00:00,4,Studying/Attentive,0.8369336724281311
2025-10-16 00:00:00,6,Studying/Attentive,0.7420997023582458
2025-10-16 00:00:00,7,Studying/Attentive,0.6947535872459412
2025-10-16 00:00:00,11,Studying/Attentive,0.3714127242565155
2025-10-16 00:00:00,13,Studying/Attentive,0.31077173352241516
2025-10-16 00:00:00,14,Studying/Attentive,0.2988336682319641
2025-10-16 00:00:00,1,Studying/Attentive,0.8932906985282898
2025-10-16 00:00:00,2,Studying/Attentive,0.8913780450820923
2025-10-16 00:00:00,3,Studying/Attentive,0.8501460552215576
2025-10-16 00:00:00,4,Studying/Attentive,0.8364864587783813
2025-10-16 00:00:00,6,Studying/Attentive,0.7052761912345886
2025-10-16 00:00:00,7,Studying/Attentive,0.682089626789093
2025-10-16 00:00:00,9,Studying/Attentive,0.6164121627807617
2025-10-16 00:00:00,13,Studying/Attentive,0.34281831979751587
2025-10-16 00:00:00,14,Sleeping,0.3211948275566101
2025-10-16 00:00:00,1,Studying/Attentive,0.8977160453796387
2025-10-16 00:00:00,2,Studying/Attentive,0.8886105418205261
2025-10-16 00:00:00,3,Studying/Attentive,0.8477233052253723
2025-10-16 00:00:00,5,Studying/Attentive,0.822982668876648
2025-10-16 00:00:00,6,Studying/Attentive,0.7331255078315735
2025-10-16 00:00:00,7,Studying/Attentive,0.7095174193382263
2025-10-16 00:00:00,10,Studying/Attentive,0.4564163386821747
2025-10-16 00:00:00,12,Sleeping,0.43650275468826294
2025-10-16 00:00:00,14,Studying/Attentive,0.3692817986011505
2025-10-16 00:00:00,16,Studying/Attentive,0.29286083579063416
2025-10-16 00:00:00,1,Studying/Attentive,0.8918243646621704
2025-10-16 00:00:00,2,Studying/Attentive,0.8886473774909973
2025-10-16 00:00:00,3,Studying/Attentive,0.852939248085022
2025-10-16 00:00:00,5,Studying/Attentive,0.8277451992034912
2025-10-16 00:00:00,6,Studying/Attentive,0.7214556336402893
2025-10-16 00:00:00,8,Studying/Attentive,0.6523446440696716
2025-10-16 00:00:00,9,Studying/Attentive,0.5744360685348511
2025-10-16 00:00:00,14,Sleeping,0.30939391255378723
2025-10-16 00:00:00,15,Studying/Attentive,0.2796343266963959
2025-10-16 00:00:01,1,Studying/Attentive,0.8871771693229675
2025-10-16 00:00:01,2,Talking in Class,0.8846282958984375
2025-10-16 00:00:01,3,Studying/Attentive,0.8563106060028076
2025-10-16 00:00:01,4,Studying/Attentive,0.8302743434906006
2025-10-16 00:00:01,6,Studying/Attentive,0.7372722625732422
2025-10-16 00:00:01,8,Studying/Attentive,0.6875573396682739
2025-10-16 00:00:01,11,Studying/Attentive,0.47337210178375244
2025-10-16 00:00:01,13,Sleeping,0.37488019466400146
2025-10-16 00:00:01,14,Studying/Attentive,0.31158196926116943
2025-10-16 00:00:01,1,Studying/Attentive,0.8719539642333984
2025-10-16 00:00:01,2,Talking in Class,0.8519589900970459
2025-10-16 00:00:01,4,Studying/Attentive,0.7990087270736694
2025-10-16 00:00:01,5,Studying/Attentive,0.7302533984184265
2025-10-16 00:00:01,6,Studying/Attentive,0.7136038541793823
2025-10-16 00:00:01,7,Studying/Attentive,0.6896018981933594
2025-10-16 00:00:01,8,Studying/Attentive,0.5585489273071289
2025-10-16 00:00:01,11,Studying/Attentive,0.4779016673564911
2025-10-16 00:00:01,13,Studying/Attentive,0.4298821687698364
2025-10-16 00:00:01,15,Studying/Attentive,0.37295833230018616
2025-10-16 00:00:01,1,Studying/Attentive,0.8762862682342529
2025-10-16 00:00:01,2,Talking in Class,0.8608254790306091
2025-10-16 00:00:01,4,Studying/Attentive,0.7796314358711243
2025-10-16 00:00:01,5,Studying/Attentive,0.7683634757995605
2025-10-16 00:00:01,6,Studying/Attentive,0.7660585641860962
2025-10-16 00:00:01,7,Studying/Attentive,0.6832981109619141
2025-10-16 00:00:01,9,Studying/Attentive,0.5326969623565674
2025-10-16 00:00:01,10,Studying/Attentive,0.5065588355064392
2025-10-16 00:00:01,11,Studying/Attentive,0.48855286836624146
2025-10-16 00:00:01,17,Studying/Attentive,0.3218757212162018
2025-10-16 00:00:01,1,Studying/Attentive,0.8748082518577576
2025-10-16 00:00:01,2,Talking in Class,0.8616849184036255
2025-10-16 00:00:01,4,Studying/Attentive,0.7726410031318665
2025-10-16 00:00:01,5,Studying/Attentive,0.7431121468544006
2025-10-16 00:00:01,6,Studying/Attentive,0.7204057574272156
2025-10-16 00:00:01,7,Studying/Attentive,0.6856410503387451
2025-10-16 00:00:01,8,Studying/Attentive,0.5524777173995972
2025-10-16 00:00:01,10,Studying/Attentive,0.5090849995613098
2025-10-16 00:00:01,11,Studying/Attentive,0.49178242683410645
2025-10-16 00:00:01,17,Studying/Attentive,0.3179073929786682
2025-10-16 00:00:01,18,Studying/Attentive,0.2968212962150574
2025-10-16 00:00:01,1,Studying/Attentive,0.8731088638305664
2025-10-16 00:00:01,2,Talking in Class,0.8548528552055359
2025-10-16 00:00:01,4,Studying/Attentive,0.7675989270210266
2025-10-16 00:00:01,5,Studying/Attentive,0.7639321684837341
2025-10-16 00:00:01,6,Studying/Attentive,0.7485283017158508
2025-10-16 00:00:01,7,Studying/Attentive,0.6849342584609985
2025-10-16 00:00:01,8,Studying/Attentive,0.5812005996704102
2025-10-16 00:00:01,10,Studying/Attentive,0.47042515873908997
2025-10-16 00:00:01,12,Studying/Attentive,0.452464759349823
2025-10-16 00:00:01,14,Studying/Attentive,0.41484060883522034
2025-10-16 00:00:01,15,Studying/Attentive,0.4073003828525543
2025-10-16 00:00:01,1,Studying/Attentive,0.871674656867981
2025-10-16 00:00:01,2,Talking in Class,0.8676090240478516
2025-10-16 00:00:01,4,Studying/Attentive,0.7738823294639587
2025-10-16 00:00:01,5,Studying/Attentive,0.76424241065979
2025-10-16 00:00:01,6,Studying/Attentive,0.7381341457366943
2025-10-16 00:00:01,7,Studying/Attentive,0.6839533448219299
2025-10-16 00:00:01,8,Studying/Attentive,0.5783830285072327
2025-10-16 00:00:01,9,Studying/Attentive,0.52672278881073
2025-10-16 00:00:01,12,Studying/Attentive,0.47083407640457153
2025-10-16 00:00:01,13,Studying/Attentive,0.4217749238014221
2025-10-16 00:00:01,15,Studying/Attentive,0.39584672451019287
2025-10-16 00:00:01,1,Studying/Attentive,0.873099148273468
2025-10-16 00:00:01,2,Talking in Class,0.8699281811714172
2025-10-16 00:00:01,4,Studying/Attentive,0.7732088565826416
2025-10-16 00:00:01,5,Studying/Attentive,0.7657541632652283
2025-10-16 00:00:01,6,Studying/Attentive,0.7438778877258301
2025-10-16 00:00:01,7,Studying/Attentive,0.6858140230178833
2025-10-16 00:00:01,9,Studying/Attentive,0.5628926753997803
2025-10-16 00:00:01,11,Studying/Attentive,0.4636112451553345
2025-10-16 00:00:01,12,Studying/Attentive,0.43289196491241455
2025-10-16 00:00:01,16,Studying/Attentive,0.3713006377220154
2025-10-16 00:00:01,18,Studying/Attentive,0.33608415722846985
2025-10-16 00:00:01,1,Studying/Attentive,0.8748164772987366
2025-10-16 00:00:01,2,Talking in Class,0.8637462854385376
2025-10-16 00:00:01,4,Studying/Attentive,0.7628877758979797
2025-10-16 00:00:01,5,Studying/Attentive,0.7449511885643005
2025-10-16 00:00:01,6,Studying/Attentive,0.7300484776496887
2025-10-16 00:00:01,7,Studying/Attentive,0.6777921915054321
2025-10-16 00:00:01,8,Studying/Attentive,0.5744960904121399
2025-10-16 00:00:01,10,Studying/Attentive,0.5121747851371765
2025-10-16 00:00:01,11,Studying/Attentive,0.4913620054721832
2025-10-16 00:00:01,14,Studying/Attentive,0.43572476506233215
2025-10-16 00:00:01,18,Studying/Attentive,0.312000572681427
2025-10-16 00:00:01,1,Studying/Attentive,0.8700438737869263
2025-10-16 00:00:01,2,Talking in Class,0.8524206876754761
2025-10-16 00:00:01,4,Studying/Attentive,0.8180835843086243
2025-10-16 00:00:01,5,Studying/Attentive,0.7702459096908569
2025-10-16 00:00:01,6,Studying/Attentive,0.7203024625778198
2025-10-16 00:00:01,7,Studying/Attentive,0.6669918298721313
2025-10-16 00:00:01,9,Studying/Attentive,0.5776150226593018
2025-10-16 00:00:01,10,Studying/Attentive,0.4800007939338684
2025-10-16 00:00:01,12,Studying/Attentive,0.4158690571784973
2025-10-16 00:00:01,15,Studying/Attentive,0.39906567335128784
2025-10-16 00:00:01,16,Studying/Attentive,0.39750316739082336
2025-10-16 00:00:01,1,Studying/Attentive,0.8777514100074768
2025-10-16 00:00:01,2,Studying/Attentive,0.8759315609931946
2025-10-16 00:00:01,3,Studying/Attentive,0.8311583995819092
2025-10-16 00:00:01,5,Studying/Attentive,0.7589946985244751
2025-10-16 00:00:01,6,Studying/Attentive,0.7513443827629089
2025-10-16 00:00:01,7,Studying/Attentive,0.6695607304573059
2025-10-16 00:00:01,8,Studying/Attentive,0.5711244344711304
2025-10-16 00:00:01,10,Studying/Attentive,0.49241068959236145
2025-10-16 00:00:01,12,Studying/Attentive,0.4259776771068573
2025-10-16 00:00:01,13,Studying/Attentive,0.42251646518707275
2025-10-16 00:00:01,16,Studying/Attentive,0.381826788187027
2025-10-16 00:00:01,1,Studying/Attentive,0.871613621711731
2025-10-16 00:00:01,2,Studying/Attentive,0.8711974620819092
2025-10-16 00:00:01,3,Studying/Attentive,0.8272550106048584
2025-10-16 00:00:01,5,Studying/Attentive,0.7790170907974243
2025-10-16 00:00:01,6,Studying/Attentive,0.7543696761131287
2025-10-16 00:00:01,7,Studying/Attentive,0.6737314462661743
2025-10-16 00:00:01,8,Studying/Attentive,0.5527965426445007
2025-10-16 00:00:01,10,Studying/Attentive,0.5123197436332703
2025-10-16 00:00:01,11,Studying/Attentive,0.503113329410553
2025-10-16 00:00:01,12,Studying/Attentive,0.49203404784202576
2025-10-16 00:00:01,18,Studying/Attentive,0.29169580340385437
2025-10-16 00:00:01,19,Studying/Attentive,0.27135321497917175
2025-10-16 00:00:01,1,Studying/Attentive,0.8811964988708496
2025-10-16 00:00:01,2,Studying/Attentive,0.8677328824996948
2025-10-16 00:00:01,4,Studying/Attentive,0.8204618096351624
2025-10-16 00:00:01,5,Studying/Attentive,0.7737559080123901
2025-10-16 00:00:01,6,Studying/Attentive,0.7547348737716675
2025-10-16 00:00:01,7,Studying/Attentive,0.6709553003311157
2025-10-16 00:00:01,9,Studying/Attentive,0.5380818843841553
2025-10-16 00:00:01,10,Studying/Attentive,0.5127506852149963
2025-10-16 00:00:01,11,Studying/Attentive,0.4611227214336395
2025-10-16 00:00:01,12,Studying/Attentive,0.4461759626865387
2025-10-16 00:00:01,18,Studying/Attentive,0.30671656131744385
2025-10-16 00:00:01,19,Studying/Attentive,0.2690950334072113
2025-10-16 00:00:01,1,Studying/Attentive,0.885924756526947
2025-10-16 00:00:01,2,Studying/Attentive,0.8677377104759216
2025-10-16 00:00:01,4,Studying/Attentive,0.8121337890625
2025-10-16 00:00:01,5,Studying/Attentive,0.7680578231811523
2025-10-16 00:00:01,6,Studying/Attentive,0.7606464624404907
2025-10-16 00:00:01,7,Studying/Attentive,0.6620879769325256
2025-10-16 00:00:01,9,Studying/Attentive,0.5738551020622253
2025-10-16 00:00:01,11,Studying/Attentive,0.5232869982719421
2025-10-16 00:00:01,12,Studying/Attentive,0.4770890474319458
2025-10-16 00:00:01,15,Studying/Attentive,0.3901522159576416
2025-10-16 00:00:01,16,Studying/Attentive,0.3861647844314575
2025-10-16 00:00:01,19,Studying/Attentive,0.27907076478004456
2025-10-16 00:00:01,1,Studying/Attentive,0.885432243347168
2025-10-16 00:00:01,2,Studying/Attentive,0.8727819919586182
2025-10-16 00:00:01,4,Studying/Attentive,0.8094891309738159
2025-10-16 00:00:01,5,Studying/Attentive,0.7783229351043701
2025-10-16 00:00:01,6,Studying/Attentive,0.771885871887207
2025-10-16 00:00:01,7,Studying/Attentive,0.6312645077705383
2025-10-16 00:00:01,10,Studying/Attentive,0.47239717841148376
2025-10-16 00:00:01,11,Studying/Attentive,0.44283735752105713
2025-10-16 00:00:01,14,Studying/Attentive,0.3769252300262451
2025-10-16 00:00:01,15,Studying/Attentive,0.3595655560493469
2025-10-16 00:00:01,18,Studying/Attentive,0.2800213098526001
2025-10-16 00:00:01,19,Studying/Attentive,0.2565643787384033
2025-10-16 00:00:01,1,Studying/Attentive,0.8936687707901001
2025-10-16 00:00:01,2,Studying/Attentive,0.8689473867416382
2025-10-16 00:00:01,4,Studying/Attentive,0.8106521368026733
2025-10-16 00:00:01,5,Studying/Attentive,0.7724646925926208
2025-10-16 00:00:01,6,Studying/Attentive,0.7457433342933655
2025-10-16 00:00:01,7,Studying/Attentive,0.6374573707580566
2025-10-16 00:00:01,9,Studying/Attentive,0.5658337473869324
2025-10-16 00:00:01,10,Studying/Attentive,0.5449026823043823
2025-10-16 00:00:01,14,Studying/Attentive,0.35539937019348145
2025-10-16 00:00:01,17,Studying/Attentive,0.2544648051261902
2025-10-16 00:00:01,1,Studying/Attentive,0.8878214955329895
2025-10-16 00:00:01,2,Studying/Attentive,0.874998152256012
2025-10-16 00:00:01,3,Studying/Attentive,0.8291934728622437
2025-10-16 00:00:01,5,Studying/Attentive,0.7460576295852661
2025-10-16 00:00:01,6,Studying/Attentive,0.7459254860877991
2025-10-16 00:00:01,7,Studying/Attentive,0.6504080891609192
2025-10-16 00:00:01,8,Studying/Attentive,0.5357778668403625
2025-10-16 00:00:01,10,Studying/Attentive,0.5144407749176025
2025-10-16 00:00:01,11,Studying/Attentive,0.5092551708221436
2025-10-16 00:00:01,14,Studying/Attentive,0.41287797689437866
2025-10-16 00:00:01,15,Studying/Attentive,0.38749614357948303
2025-10-16 00:00:01,16,Studying/Attentive,0.3535692095756531
2025-10-16 00:00:01,20,Studying/Attentive,0.25084295868873596
2025-10-16 00:00:01,1,Studying/Attentive,0.8907222747802734
2025-10-16 00:00:01,2,Studying/Attentive,0.8797532916069031
2025-10-16 00:00:01,3,Studying/Attentive,0.8319776654243469
2025-10-16 00:00:01,5,Studying/Attentive,0.777370035648346
2025-10-16 00:00:01,6,Studying/Attentive,0.7712932229042053
2025-10-16 00:00:01,7,Studying/Attentive,0.653936505317688
2025-10-16 00:00:01,9,Studying/Attentive,0.5265870690345764
2025-10-16 00:00:01,11,Studying/Attentive,0.45954883098602295
2025-10-16 00:00:01,12,Studying/Attentive,0.4374373257160187
2025-10-16 00:00:01,13,Studying/Attentive,0.42582738399505615
2025-10-16 00:00:01,14,Studying/Attentive,0.4238862991333008
2025-10-16 00:00:01,1,Studying/Attentive,0.8849744200706482
2025-10-16 00:00:01,2,Studying/Attentive,0.8809739351272583
2025-10-16 00:00:01,4,Studying/Attentive,0.8246269822120667
2025-10-16 00:00:01,5,Studying/Attentive,0.7435967326164246
2025-10-16 00:00:01,6,Studying/Attentive,0.7358489036560059
2025-10-16 00:00:01,7,Studying/Attentive,0.6530176997184753
2025-10-16 00:00:01,9,Studying/Attentive,0.5157269835472107
2025-10-16 00:00:01,11,Studying/Attentive,0.4855065941810608
2025-10-16 00:00:01,13,Studying/Attentive,0.451010525226593
2025-10-16 00:00:01,14,Studying/Attentive,0.3548472225666046
2025-10-16 00:00:01,18,Studying/Attentive,0.2514311373233795
2025-10-16 00:00:01,1,Studying/Attentive,0.8842836022377014
2025-10-16 00:00:01,2,Studying/Attentive,0.8687178492546082
2025-10-16 00:00:01,4,Studying/Attentive,0.775206983089447
2025-10-16 00:00:01,5,Studying/Attentive,0.7465373873710632
2025-10-16 00:00:01,6,Studying/Attentive,0.7018895149230957
2025-10-16 00:00:01,8,Studying/Attentive,0.6706649661064148
2025-10-16 00:00:01,10,Studying/Attentive,0.5716351270675659
2025-10-16 00:00:01,11,Studying/Attentive,0.5404758453369141
2025-10-16 00:00:01,14,Studying/Attentive,0.439024418592453
2025-10-16 00:00:01,15,Studying/Attentive,0.42187952995300293
2025-10-16 00:00:01,18,Studying/Attentive,0.26857244968414307
2025-10-16 00:00:01,1,Studying/Attentive,0.8802398443222046
2025-10-16 00:00:01,2,Studying/Attentive,0.8761156797409058
2025-10-16 00:00:01,4,Studying/Attentive,0.7547268867492676
2025-10-16 00:00:01,5,Studying/Attentive,0.7374458909034729
2025-10-16 00:00:01,6,Studying/Attentive,0.6751000285148621
2025-10-16 00:00:01,7,Studying/Attentive,0.6602382659912109
2025-10-16 00:00:01,10,Studying/Attentive,0.5240540504455566
2025-10-16 00:00:01,13,Studying/Attentive,0.4199353754520416
2025-10-16 00:00:01,14,Studying/Attentive,0.32905876636505127
2025-10-16 00:00:01,16,Studying/Attentive,0.304058313369751
2025-10-16 00:00:01,1,Studying/Attentive,0.8778592348098755
2025-10-16 00:00:01,2,Studying/Attentive,0.8662817478179932
2025-10-16 00:00:01,4,Studying/Attentive,0.7566264271736145
2025-10-16 00:00:01,5,Studying/Attentive,0.737980306148529
2025-10-16 00:00:01,6,Studying/Attentive,0.717168927192688
2025-10-16 00:00:01,7,Studying/Attentive,0.6263104677200317
2025-10-16 00:00:01,8,Studying/Attentive,0.5845000743865967
2025-10-16 00:00:01,10,Studying/Attentive,0.5533115267753601
2025-10-16 00:00:01,12,Studying/Attentive,0.4660399258136749
2025-10-16 00:00:01,1,Studying/Attentive,0.8905618190765381
2025-10-16 00:00:01,2,Studying/Attentive,0.8834040760993958
2025-10-16 00:00:01,4,Studying/Attentive,0.7935961484909058
2025-10-16 00:00:01,5,Studying/Attentive,0.766464114189148
2025-10-16 00:00:01,6,Studying/Attentive,0.7330204844474792
2025-10-16 00:00:01,7,Studying/Attentive,0.6382432579994202
2025-10-16 00:00:01,9,Studying/Attentive,0.5589731335639954
2025-10-16 00:00:01,10,Studying/Attentive,0.5588809847831726
2025-10-16 00:00:01,13,Studying/Attentive,0.48613661527633667
2025-10-16 00:00:01,15,Studying/Attentive,0.3164701461791992
2025-10-16 00:00:01,1,Studying/Attentive,0.890612781047821
2025-10-16 00:00:01,2,Studying/Attentive,0.8776472806930542
2025-10-16 00:00:01,4,Studying/Attentive,0.792622983455658
2025-10-16 00:00:01,5,Studying/Attentive,0.7718760371208191
2025-10-16 00:00:01,6,Studying/Attentive,0.7639693021774292
2025-10-16 00:00:01,7,Studying/Attentive,0.6572451591491699
2025-10-16 00:00:01,8,Studying/Attentive,0.649434506893158
2025-10-16 00:00:01,10,Studying/Attentive,0.5431762337684631
2025-10-16 00:00:01,11,Studying/Attentive,0.5021409392356873
2025-10-16 00:00:01,16,Studying/Attentive,0.2913995087146759
2025-10-16 00:00:01,1,Studying/Attentive,0.8897899985313416
2025-10-16 00:00:01,2,Studying/Attentive,0.8779782652854919
2025-10-16 00:00:01,4,Studying/Attentive,0.785377562046051
2025-10-16 00:00:01,5,Studying/Attentive,0.7700325846672058
2025-10-16 00:00:01,6,Studying/Attentive,0.699690580368042
2025-10-16 00:00:01,7,Studying/Attentive,0.6828488111495972
2025-10-16 00:00:01,9,Studying/Attentive,0.6130369305610657
2025-10-16 00:00:01,10,Studying/Attentive,0.5333833694458008
2025-10-16 00:00:01,11,Studying/Attentive,0.508586585521698
2025-10-16 00:00:01,14,Studying/Attentive,0.3258531987667084
2025-10-16 00:00:01,15,Studying/Attentive,0.29164156317710876
2025-10-16 00:00:01,1,Studying/Attentive,0.8892590999603271
2025-10-16 00:00:01,2,Studying/Attentive,0.8842725157737732
2025-10-16 00:00:01,4,Studying/Attentive,0.7906945943832397
2025-10-16 00:00:01,5,Studying/Attentive,0.7691006660461426
2025-10-16 00:00:01,6,Studying/Attentive,0.7022549510002136
2025-10-16 00:00:01,7,Studying/Attentive,0.6729388236999512
2025-10-16 00:00:01,8,Studying/Attentive,0.6030869483947754
2025-10-16 00:00:01,10,Studying/Attentive,0.5383961200714111
2025-10-16 00:00:01,11,Studying/Attentive,0.5134618282318115
2025-10-16 00:00:01,14,Studying/Attentive,0.4499802887439728
2025-10-16 00:00:01,15,Studying/Attentive,0.333627313375473
2025-10-16 00:00:01,17,Studying/Attentive,0.2876381576061249
2025-10-16 00:00:01,1,Studying/Attentive,0.8934181928634644
2025-10-16 00:00:01,2,Studying/Attentive,0.891753077507019
2025-10-16 00:00:01,4,Studying/Attentive,0.7875215411186218
2025-10-16 00:00:01,5,Studying/Attentive,0.7849019169807434
2025-10-16 00:00:01,6,Studying/Attentive,0.6859498620033264
2025-10-16 00:00:01,7,Studying/Attentive,0.6291824579238892
2025-10-16 00:00:01,9,Studying/Attentive,0.520126461982727
2025-10-16 00:00:01,10,Studying/Attentive,0.5008706450462341
2025-10-16 00:00:01,11,Studying/Attentive,0.47082826495170593
2025-10-16 00:00:01,14,Studying/Attentive,0.3887348175048828
2025-10-16 00:00:01,17,Studying/Attentive,0.25615179538726807
2025-10-16 00:00:01,1,Studying/Attentive,0.894752025604248
2025-10-16 00:00:01,2,Studying/Attentive,0.8931697010993958
2025-10-16 00:00:01,4,Studying/Attentive,0.803168773651123
2025-10-16 00:00:01,5,Studying/Attentive,0.7830805778503418
2025-10-16 00:00:01,6,Studying/Attentive,0.6873626708984375
2025-10-16 00:00:01,7,Studying/Attentive,0.6154476404190063
2025-10-16 00:00:01,9,Studying/Attentive,0.5737263560295105
2025-10-16 00:00:01,10,Studying/Attentive,0.5174363851547241
2025-10-16 00:00:01,12,Studying/Attentive,0.4927261173725128
2025-10-16 00:00:01,13,Studying/Attentive,0.48997339606285095
2025-10-16 00:00:01,14,Studying/Attentive,0.48023101687431335
2025-10-16 00:00:01,1,Studying/Attentive,0.8907186985015869
2025-10-16 00:00:01,2,Studying/Attentive,0.8845447897911072
2025-10-16 00:00:01,4,Studying/Attentive,0.780640721321106
2025-10-16 00:00:01,5,Studying/Attentive,0.7791879177093506
2025-10-16 00:00:01,6,Studying/Attentive,0.7301456332206726
2025-10-16 00:00:01,8,Studying/Attentive,0.611527144908905
2025-10-16 00:00:01,9,Studying/Attentive,0.5558828115463257
2025-10-16 00:00:01,12,Studying/Attentive,0.45622533559799194
2025-10-16 00:00:01,13,Studying/Attentive,0.45309978723526
2025-10-16 00:00:01,14,Studying/Attentive,0.4418266713619232
2025-10-16 00:00:01,15,Studying/Attentive,0.4012168347835541
2025-10-16 00:00:01,17,Studying/Attentive,0.3011637032032013
2025-10-16 00:00:01,1,Studying/Attentive,0.8935366868972778
2025-10-16 00:00:01,2,Studying/Attentive,0.8917282223701477
2025-10-16 00:00:01,4,Studying/Attentive,0.7916898727416992
2025-10-16 00:00:01,5,Studying/Attentive,0.7882863879203796
2025-10-16 00:00:01,6,Studying/Attentive,0.7469528913497925
2025-10-16 00:00:01,8,Studying/Attentive,0.608756422996521
2025-10-16 00:00:01,9,Studying/Attentive,0.5545247793197632
2025-10-16 00:00:01,10,Studying/Attentive,0.5394371747970581
2025-10-16 00:00:01,12,Studying/Attentive,0.48500192165374756
2025-10-16 00:00:01,13,Studying/Attentive,0.4666209816932678
2025-10-16 00:00:01,15,Studying/Attentive,0.30657267570495605
2025-10-16 00:00:01,19,Studying/Attentive,0.26458287239074707
2025-10-16 00:00:01,1,Studying/Attentive,0.8919804692268372
2025-10-16 00:00:01,2,Studying/Attentive,0.8907278180122375
2025-10-16 00:00:01,4,Studying/Attentive,0.7948261499404907
2025-10-16 00:00:01,5,Studying/Attentive,0.7944252490997314
2025-10-16 00:00:01,6,Studying/Attentive,0.735482931137085
2025-10-16 00:00:01,8,Studying/Attentive,0.6099427938461304
2025-10-16 00:00:01,9,Studying/Attentive,0.5415111780166626
2025-10-16 00:00:01,12,Studying/Attentive,0.5093247294425964
2025-10-16 00:00:01,13,Studying/Attentive,0.49384039640426636
2025-10-16 00:00:01,14,Studying/Attentive,0.4398774802684784
2025-10-16 00:00:01,15,Studying/Attentive,0.41334521770477295
2025-10-16 00:00:01,1,Studying/Attentive,0.8939526081085205
2025-10-16 00:00:01,2,Studying/Attentive,0.889943540096283
2025-10-16 00:00:01,4,Studying/Attentive,0.8160569667816162
2025-10-16 00:00:01,5,Studying/Attentive,0.7702494859695435
2025-10-16 00:00:01,6,Studying/Attentive,0.7581634521484375
2025-10-16 00:00:01,8,Studying/Attentive,0.5976834297180176
2025-10-16 00:00:01,9,Studying/Attentive,0.5391648411750793
2025-10-16 00:00:01,11,Studying/Attentive,0.45842835307121277
2025-10-16 00:00:01,12,Studying/Attentive,0.4558432400226593
2025-10-16 00:00:01,13,Studying/Attentive,0.4554465711116791
2025-10-16 00:00:01,16,Studying/Attentive,0.31013888120651245
2025-10-16 00:00:01,1,Studying/Attentive,0.8915137052536011
2025-10-16 00:00:01,2,Studying/Attentive,0.885754406452179
2025-10-16 00:00:01,4,Studying/Attentive,0.8128198981285095
2025-10-16 00:00:01,5,Studying/Attentive,0.7804784178733826
2025-10-16 00:00:01,6,Studying/Attentive,0.7366044521331787
2025-10-16 00:00:01,8,Studying/Attentive,0.5964149236679077
2025-10-16 00:00:01,9,Studying/Attentive,0.5558323860168457
2025-10-16 00:00:01,11,Studying/Attentive,0.49077436327934265
2025-10-16 00:00:01,12,Studying/Attentive,0.4169132113456726
2025-10-16 00:00:01,14,Studying/Attentive,0.3360549509525299
2025-10-16 00:00:01,1,Studying/Attentive,0.8943279981613159
2025-10-16 00:00:01,2,Studying/Attentive,0.8865358829498291
2025-10-16 00:00:01,4,Studying/Attentive,0.8237060308456421
2025-10-16 00:00:01,5,Studying/Attentive,0.7522638440132141
2025-10-16 00:00:01,6,Studying/Attentive,0.726610541343689
2025-10-16 00:00:01,8,Studying/Attentive,0.5862139463424683
2025-10-16 00:00:01,9,Studying/Attentive,0.5839052200317383
2025-10-16 00:00:01,10,Studying/Attentive,0.5717408061027527
2025-10-16 00:00:01,11,Studying/Attentive,0.5070178508758545
2025-10-16 00:00:01,13,Studying/Attentive,0.4892354905605316
2025-10-16 00:00:01,14,Studying/Attentive,0.4755611717700958
2025-10-16 00:00:01,17,Studying/Attentive,0.31186455488204956
2025-10-16 00:00:01,1,Studying/Attentive,0.8960263133049011
2025-10-16 00:00:01,2,Studying/Attentive,0.884725034236908
2025-10-16 00:00:01,4,Studying/Attentive,0.8247261643409729
2025-10-16 00:00:01,5,Studying/Attentive,0.7824193835258484
2025-10-16 00:00:01,6,Studying/Attentive,0.7636903524398804
2025-10-16 00:00:01,7,Studying/Attentive,0.7543129920959473
2025-10-16 00:00:01,9,Studying/Attentive,0.5877048969268799
2025-10-16 00:00:01,10,Studying/Attentive,0.5831210613250732
2025-10-16 00:00:01,11,Studying/Attentive,0.5764724612236023
2025-10-16 00:00:01,12,Studying/Attentive,0.546387791633606
2025-10-16 00:00:01,14,Studying/Attentive,0.45540329813957214
2025-10-16 00:00:01,18,Studying/Attentive,0.32529357075691223
2025-10-16 00:00:01,1,Studying/Attentive,0.8927807211875916
2025-10-16 00:00:01,2,Studying/Attentive,0.8745949268341064
2025-10-16 00:00:01,4,Studying/Attentive,0.800341010093689
2025-10-16 00:00:01,5,Studying/Attentive,0.7724574208259583
2025-10-16 00:00:01,6,Studying/Attentive,0.7621774673461914
2025-10-16 00:00:01,7,Studying/Attentive,0.720424234867096
2025-10-16 00:00:01,9,Studying/Attentive,0.5788994431495667
2025-10-16 00:00:01,10,Studying/Attentive,0.5756307244300842
2025-10-16 00:00:01,11,Studying/Attentive,0.5346720814704895
2025-10-16 00:00:01,13,Studying/Attentive,0.47020164132118225
2025-10-16 00:00:01,14,Studying/Attentive,0.45661234855651855
2025-10-16 00:00:01,15,Studying/Attentive,0.41323280334472656
2025-10-16 00:00:01,1,Studying/Attentive,0.8935834169387817
2025-10-16 00:00:01,2,Studying/Attentive,0.8696120977401733
2025-10-16 00:00:01,4,Studying/Attentive,0.8066762089729309
2025-10-16 00:00:01,5,Studying/Attentive,0.7547603249549866
2025-10-16 00:00:01,6,Studying/Attentive,0.7029773592948914
2025-10-16 00:00:01,7,Studying/Attentive,0.654950737953186
2025-10-16 00:00:01,8,Studying/Attentive,0.6004855036735535
2025-10-16 00:00:01,10,Studying/Attentive,0.570568859577179
2025-10-16 00:00:01,12,Studying/Attentive,0.48567333817481995
2025-10-16 00:00:01,13,Studying/Attentive,0.4617576003074646
2025-10-16 00:00:01,14,Studying/Attentive,0.42118823528289795
2025-10-16 00:00:01,16,Studying/Attentive,0.4061996638774872
2025-10-16 00:00:01,1,Studying/Attentive,0.8872719407081604
2025-10-16 00:00:01,2,Studying/Attentive,0.8747372031211853
2025-10-16 00:00:01,4,Studying/Attentive,0.7934907674789429
2025-10-16 00:00:01,5,Studying/Attentive,0.7635983228683472
2025-10-16 00:00:01,6,Studying/Attentive,0.7382765412330627
2025-10-16 00:00:01,7,Studying/Attentive,0.7305683493614197
2025-10-16 00:00:01,9,Studying/Attentive,0.616456925868988
2025-10-16 00:00:01,10,Studying/Attentive,0.5162613987922668
2025-10-16 00:00:01,12,Studying/Attentive,0.43056395649909973
2025-10-16 00:00:01,14,Studying/Attentive,0.36369815468788147
2025-10-16 00:00:01,15,Studying/Attentive,0.3502458930015564
2025-10-16 00:00:01,18,Studying/Attentive,0.31378617882728577
2025-10-16 00:00:01,1,Studying/Attentive,0.8944724798202515
2025-10-16 00:00:01,2,Studying/Attentive,0.8728119730949402
2025-10-16 00:00:01,4,Studying/Attentive,0.7913909554481506
2025-10-16 00:00:01,5,Studying/Attentive,0.7517228126525879
2025-10-16 00:00:01,6,Studying/Attentive,0.7388018369674683
2025-10-16 00:00:01,7,Studying/Attentive,0.7374980449676514
2025-10-16 00:00:01,9,Studying/Attentive,0.5812174081802368
2025-10-16 00:00:01,10,Studying/Attentive,0.5345345735549927
2025-10-16 00:00:01,11,Studying/Attentive,0.5335046052932739
2025-10-16 00:00:01,13,Studying/Attentive,0.4370633661746979
2025-10-16 00:00:01,14,Studying/Attentive,0.3812541663646698
2025-10-16 00:00:01,15,Studying/Attentive,0.3664616048336029
2025-10-16 00:00:01,1,Studying/Attentive,0.8930545449256897
2025-10-16 00:00:01,2,Studying/Attentive,0.8727573156356812
2025-10-16 00:00:01,4,Studying/Attentive,0.7885329723358154
2025-10-16 00:00:01,5,Studying/Attentive,0.7780913710594177
2025-10-16 00:00:01,6,Studying/Attentive,0.7469091415405273
2025-10-16 00:00:01,7,Studying/Attentive,0.7204798460006714
2025-10-16 00:00:01,8,Studying/Attentive,0.6388990879058838
2025-10-16 00:00:01,10,Studying/Attentive,0.5492616891860962
2025-10-16 00:00:01,13,Studying/Attentive,0.3890364170074463
2025-10-16 00:00:01,14,Studying/Attentive,0.3881221115589142
2025-10-16 00:00:01,17,Studying/Attentive,0.33913081884384155
2025-10-16 00:00:01,18,Studying/Attentive,0.27721160650253296
2025-10-16 00:00:01,1,Studying/Attentive,0.8897631764411926
2025-10-16 00:00:01,2,Studying/Attentive,0.872107982635498
2025-10-16 00:00:01,4,Studying/Attentive,0.7963789105415344
2025-10-16 00:00:01,5,Studying/Attentive,0.7403721213340759
2025-10-16 00:00:01,6,Studying/Attentive,0.7285496592521667
2025-10-16 00:00:01,7,Studying/Attentive,0.7020035982131958
2025-10-16 00:00:01,9,Studying/Attentive,0.6110866665840149
2025-10-16 00:00:01,10,Studying/Attentive,0.5877158641815186
2025-10-16 00:00:01,12,Studying/Attentive,0.41765937209129333
2025-10-16 00:00:01,15,Studying/Attentive,0.38124850392341614
2025-10-16 00:00:01,17,Studying/Attentive,0.2840105891227722
2025-10-16 00:00:01,20,Studying/Attentive,0.2686398923397064
2025-10-16 00:00:01,1,Studying/Attentive,0.8913188576698303
2025-10-16 00:00:01,2,Studying/Attentive,0.871656596660614
2025-10-16 00:00:01,4,Studying/Attentive,0.7797960638999939
2025-10-16 00:00:01,5,Studying/Attentive,0.7786382436752319
2025-10-16 00:00:01,6,Studying/Attentive,0.7576180696487427
2025-10-16 00:00:01,7,Studying/Attentive,0.6971802711486816
2025-10-16 00:00:01,9,Studying/Attentive,0.5894284844398499
2025-10-16 00:00:01,10,Studying/Attentive,0.5717018246650696
2025-10-16 00:00:01,11,Studying/Attentive,0.5309128761291504
2025-10-16 00:00:01,15,Studying/Attentive,0.3758653402328491
2025-10-16 00:00:01,16,Studying/Attentive,0.3755221366882324
2025-10-16 00:00:01,18,Studying/Attentive,0.31095486879348755
